Workbook

Sheet Результаты
A1: x | B1: Решение уравнения, y(x)
B2: Метод 1 | D2: Метод 5
B3: h = 0,01 | C3: h = 0,001 | D3: h = 0,01 | E3: h = 0,001
A4: 0 | B4: 1 | C4: ='Метод 1 (h = 0,001)'!B2 -> 1 | D4: ='Метод 5 (h = 0,01)'!B2 -> 1 | E4: ='Метод 5 (h = 0,001)'!B2 -> 1
A5: 0.01 | B5: =B4+0.01*(A4*EXP(-A4^2)-2*A4*B4) -> 1 | C5: ='Метод 1 (h = 0,001)'!B12 -> 0.999955 | D5: ='Метод 5 (h = 0,01)'!B3 -> 0.99995 | E5: ='Метод 5 (h = 0,001)'!B12 -> 0.99995
A6: 0.02 | B6: =B5+0.01*(A5*EXP(-A5^2)-2*A5*B5) -> 0.99990001 | C6: ='Метод 1 (h = 0,001)'!B22 -> 0.99981007 | D6: ='Метод 5 (h = 0,01)'!B4 -> 0.99980008 | E6: ='Метод 5 (h = 0,001)'!B22 -> 0.99980008
A7: 0.03 | B7: =B6+0.01*(A6*EXP(-A6^2)-2*A6*B6) -> 0.99970013 | C7: ='Метод 1 (h = 0,001)'!B32 -> 0.99956537 | D7: ='Метод 5 (h = 0,01)'!B5 -> 0.9995504 | E7: ='Метод 5 (h = 0,001)'!B32 -> 0.9995504
A8: 0.04 | B8: =B7+0.01*(A7*EXP(-A7^2)-2*A7*B7) -> 0.99940058 | C8: ='Метод 1 (h = 0,001)'!B42 -> 0.9992212 | D8: ='Метод 5 (h = 0,01)'!B6 -> 0.99920128 | E8: ='Метод 5 (h = 0,001)'!B42 -> 0.99920128
A9: 0.05 | B9: =B8+0.01*(A8*EXP(-A8^2)-2*A8*B8) -> 0.9990017 | C9: ='Метод 1 (h = 0,001)'!B52 -> 0.99877796 | D9: ='Метод 5 (h = 0,01)'!B7 -> 0.99875312 | E9: ='Метод 5 (h = 0,001)'!B52 -> 0.99875312
A10: 0.06 | B10: =B9+0.01*(A9*EXP(-A9^2)-2*A9*B9) -> 0.99850395 | C10: ='Метод 1 (h = 0,001)'!B62 -> 0.99823619 | D10: ='Метод 5 (h = 0,01)'!B8 -> 0.99820648 | E10: ='Метод 5 (h = 0,001)'!B62 -> 0.99820648
A11: 0.07 | B11: =B10+0.01*(A10*EXP(-A10^2)-2*A10*B10) -> 0.99790791 | C11: ='Метод 1 (h = 0,001)'!B72 -> 0.99759654 | D11: ='Метод 5 (h = 0,01)'!B9 -> 0.997562 | E11: ='Метод 5 (h = 0,001)'!B72 -> 0.997562
A12: 0.08 | B12: =B11+0.01*(A11*EXP(-A11^2)-2*A11*B11) -> 0.99721428 | C12: ='Метод 1 (h = 0,001)'!B82 -> 0.99685978 | D12: ='Метод 5 (h = 0,01)'!B10 -> 0.99682046 | E12: ='Метод 5 (h = 0,001)'!B82 -> 0.99682046
A13: 0.09 | B13: =B12+0.01*(A12*EXP(-A12^2)-2*A12*B12) -> 0.99642387 | C13: ='Метод 1 (h = 0,001)'!B92 -> 0.9960268 | D13: ='Метод 5 (h = 0,01)'!B11 -> 0.99598276 | E13: ='Метод 5 (h = 0,001)'!B92 -> 0.99598276
A14: 0.1 | B14: =B13+0.01*(A13*EXP(-A13^2)-2*A13*B13) -> 0.99553763 | C14: ='Метод 1 (h = 0,001)'!B102 -> 0.9950986 | D14: ='Метод 5 (h = 0,01)'!B12 -> 0.99504992 | E14: ='Метод 5 (h = 0,001)'!B102 -> 0.99504992
A15: 0.11 | B15: =B14+0.01*(A14*EXP(-A14^2)-2*A14*B14) -> 0.9945566 | C15: ='Метод 1 (h = 0,001)'!B112 -> 0.99407631 | D15: ='Метод 5 (h = 0,01)'!B13 -> 0.99402306 | E15: ='Метод 5 (h = 0,001)'!B112 -> 0.99402306
A16: 0.12 | B16: =B15+0.01*(A15*EXP(-A15^2)-2*A15*B15) -> 0.99348197 | C16: ='Метод 1 (h = 0,001)'!B122 -> 0.99296116 | D16: ='Метод 5 (h = 0,01)'!B14 -> 0.99290343 | E16: ='Метод 5 (h = 0,001)'!B122 -> 0.99290343
A17: 0.13 | B17: =B16+0.01*(A16*EXP(-A16^2)-2*A16*B16) -> 0.99231502 | C17: ='Метод 1 (h = 0,001)'!B132 -> 0.99175452 | D17: ='Метод 5 (h = 0,01)'!B15 -> 0.99169241 | E17: ='Метод 5 (h = 0,001)'!B132 -> 0.99169241
A18: 0.14 | B18: =B17+0.01*(A17*EXP(-A17^2)-2*A17*B17) -> 0.99105715 | C18: ='Метод 1 (h = 0,001)'!B142 -> 0.99045786 | D18: ='Метод 5 (h = 0,01)'!B16 -> 0.99039146 | E18: ='Метод 5 (h = 0,001)'!B142 -> 0.99039146
A19: 0.15 | B19: =B18+0.01*(A18*EXP(-A18^2)-2*A18*B18) -> 0.9897099 | C19: ='Метод 1 (h = 0,001)'!B152 -> 0.98907277 | D19: ='Метод 5 (h = 0,01)'!B17 -> 0.98900219 | E19: ='Метод 5 (h = 0,001)'!B152 -> 0.98900219
A20: 0.16 | B20: =B19+0.01*(A19*EXP(-A19^2)-2*A19*B19) -> 0.98827491 | C20: ='Метод 1 (h = 0,001)'!B162 -> 0.98760094 | D20: ='Метод 5 (h = 0,01)'!B18 -> 0.9875263 | E20: ='Метод 5 (h = 0,001)'!B162 -> 0.9875263
A21: 0.17 | B21: =B20+0.01*(A20*EXP(-A20^2)-2*A20*B20) -> 0.98675392 | C21: ='Метод 1 (h = 0,001)'!B172 -> 0.98604421 | D21: ='Метод 5 (h = 0,01)'!B19 -> 0.98596562 | E21: ='Метод 5 (h = 0,001)'!B172 -> 0.98596562
A22: 0.18 | B22: =B21+0.01*(A21*EXP(-A21^2)-2*A21*B21) -> 0.9851488 | C22: ='Метод 1 (h = 0,001)'!B182 -> 0.98440449 | D22: ='Метод 5 (h = 0,01)'!B20 -> 0.98432209 | E22: ='Метод 5 (h = 0,001)'!B182 -> 0.98432209
A23: 0.19 | B23: =B22+0.01*(A22*EXP(-A22^2)-2*A22*B22) -> 0.98346154 | C23: ='Метод 1 (h = 0,001)'!B192 -> 0.98268383 | D23: ='Метод 5 (h = 0,01)'!B21 -> 0.98259776 | E23: ='Метод 5 (h = 0,001)'!B192 -> 0.98259776
A24: 0.2 | B24: =B23+0.01*(A23*EXP(-A23^2)-2*A23*B23) -> 0.98169423 | C24: ='Метод 1 (h = 0,001)'!B202 -> 0.98088439 | D24: ='Метод 5 (h = 0,01)'!B22 -> 0.98079477 | E24: ='Метод 5 (h = 0,001)'!B202 -> 0.98079477
A25: 0.21 | B25: =B24+0.01*(A24*EXP(-A24^2)-2*A24*B24) -> 0.97984907 | C25: ='Метод 1 (h = 0,001)'!B212 -> 0.97900842 | D25: ='Метод 5 (h = 0,01)'!B23 -> 0.97891541 | E25: ='Метод 5 (h = 0,001)'!B212 -> 0.97891541
A26: 0.22 | B26: =B25+0.01*(A25*EXP(-A25^2)-2*A25*B25) -> 0.97792839 | C26: ='Метод 1 (h = 0,001)'!B222 -> 0.9770583 | D26: ='Метод 5 (h = 0,01)'!B24 -> 0.97696206 | E26: ='Метод 5 (h = 0,001)'!B222 -> 0.97696206
A27: 0.23 | B27: =B26+0.01*(A26*EXP(-A26^2)-2*A26*B26) -> 0.9759346 | C27: ='Метод 1 (h = 0,001)'!B232 -> 0.97503651 | D27: ='Метод 5 (h = 0,01)'!B25 -> 0.97493719 | E27: ='Метод 5 (h = 0,001)'!B232 -> 0.97493719
A28: 0.24 | B28: =B27+0.01*(A27*EXP(-A27^2)-2*A27*B27) -> 0.97387025 | C28: ='Метод 1 (h = 0,001)'!B242 -> 0.97294564 | D28: ='Метод 5 (h = 0,01)'!B26 -> 0.97284341 | E28: ='Метод 5 (h = 0,001)'!B242 -> 0.97284341
A29: 0.25 | B29: =B28+0.01*(A28*EXP(-A28^2)-2*A28*B28) -> 0.97173797 | C29: ='Метод 1 (h = 0,001)'!B252 -> 0.97078837 | D29: ='Метод 5 (h = 0,01)'!B27 -> 0.97068341 | E29: ='Метод 5 (h = 0,001)'!B252 -> 0.97068341
A30: 0.26 | B30: =B29+0.01*(A29*EXP(-A29^2)-2*A29*B29) -> 0.96954052 | C30: ='Метод 1 (h = 0,001)'!B262 -> 0.96856753 | D30: ='Метод 5 (h = 0,01)'!B28 -> 0.96846 | E30: ='Метод 5 (h = 0,001)'!B262 -> 0.96846
A31: 0.27 | B31: =B30+0.01*(A30*EXP(-A30^2)-2*A30*B30) -> 0.96728074 | C31: ='Метод 1 (h = 0,001)'!B272 -> 0.96628599 | D31: ='Метод 5 (h = 0,01)'!B29 -> 0.96617609 | E31: ='Метод 5 (h = 0,001)'!B272 -> 0.96617609
A32: 0.28 | B32: =B31+0.01*(A31*EXP(-A31^2)-2*A31*B31) -> 0.96496161 | C32: ='Метод 1 (h = 0,001)'!B282 -> 0.96394678 | D32: ='Метод 5 (h = 0,01)'!B30 -> 0.96383468 | E32: ='Метод 5 (h = 0,001)'!B282 -> 0.96383468
A33: 0.29 | B33: =B32+0.01*(A32*EXP(-A32^2)-2*A32*B32) -> 0.96258618 | C33: ='Метод 1 (h = 0,001)'!B292 -> 0.961553 | D33: ='Метод 5 (h = 0,01)'!B31 -> 0.9614389 | E33: ='Метод 5 (h = 0,001)'!B292 -> 0.9614389
A34: 0.3 | B34: =B33+0.01*(A33*EXP(-A33^2)-2*A33*B33) -> 0.96015762 | C34: ='Метод 1 (h = 0,001)'!B302 -> 0.95910785 | D34: ='Метод 5 (h = 0,01)'!B32 -> 0.95899196 | E34: ='Метод 5 (h = 0,001)'!B302 -> 0.95899196
A35: 0.31 | B35: =B34+0.01*(A34*EXP(-A34^2)-2*A34*B34) -> 0.9576792 | C35: ='Метод 1 (h = 0,001)'!B312 -> 0.95661466 | D35: ='Метод 5 (h = 0,01)'!B33 -> 0.95649717 | E35: ='Метод 5 (h = 0,001)'!B312 -> 0.95649717
A36: 0.32 | B36: =B35+0.01*(A35*EXP(-A35^2)-2*A35*B35) -> 0.95515428 | C36: ='Метод 1 (h = 0,001)'!B322 -> 0.95407683 | D36: ='Метод 5 (h = 0,01)'!B34 -> 0.95395794 | E36: ='Метод 5 (h = 0,001)'!B322 -> 0.95395794
A37: 0.33 | B37: =B36+0.01*(A36*EXP(-A36^2)-2*A36*B36) -> 0.95258634 | C37: ='Метод 1 (h = 0,001)'!B332 -> 0.95149786 | D37: ='Метод 5 (h = 0,01)'!B35 -> 0.95137778 | E37: ='Метод 5 (h = 0,001)'!B332 -> 0.95137778
A38: 0.34 | B38: =B37+0.01*(A37*EXP(-A37^2)-2*A37*B37) -> 0.94997893 | C38: ='Метод 1 (h = 0,001)'!B342 -> 0.94888135 | D38: ='Метод 5 (h = 0,01)'!B36 -> 0.9487603 | E38: ='Метод 5 (h = 0,001)'!B342 -> 0.9487603
A39: 0.35 | B39: =B38+0.01*(A38*EXP(-A38^2)-2*A38*B38) -> 0.94733574 | C39: ='Метод 1 (h = 0,001)'!B352 -> 0.94623101 | D39: ='Метод 5 (h = 0,01)'!B37 -> 0.94610921 | E39: ='Метод 5 (h = 0,001)'!B352 -> 0.94610921
A40: 0.36 | B40: =B39+0.01*(A39*EXP(-A39^2)-2*A39*B39) -> 0.9446605 | C40: ='Метод 1 (h = 0,001)'!B362 -> 0.94355062 | D40: ='Метод 5 (h = 0,01)'!B38 -> 0.94342829 | E40: ='Метод 5 (h = 0,001)'!B362 -> 0.94342829
A41: 0.37 | B41: =B40+0.01*(A40*EXP(-A40^2)-2*A40*B40) -> 0.94195709 | C41: ='Метод 1 (h = 0,001)'!B372 -> 0.94084408 | D41: ='Метод 5 (h = 0,01)'!B39 -> 0.94072144 | E41: ='Метод 5 (h = 0,001)'!B372 -> 0.94072144
A42: 0.38 | B42: =B41+0.01*(A41*EXP(-A41^2)-2*A41*B41) -> 0.93922945 | C42: ='Метод 1 (h = 0,001)'!B382 -> 0.93811536 | D42: ='Метод 5 (h = 0,01)'!B40 -> 0.93799264 | E42: ='Метод 5 (h = 0,001)'!B382 -> 0.93799264
A43: 0.39 | B43: =B42+0.01*(A42*EXP(-A42^2)-2*A42*B42) -> 0.93648162 | C43: ='Метод 1 (h = 0,001)'!B392 -> 0.93536853 | D43: ='Метод 5 (h = 0,01)'!B41 -> 0.93524595 | E43: ='Метод 5 (h = 0,001)'!B392 -> 0.93524595
A44: 0.4 | B44: =B43+0.01*(A43*EXP(-A43^2)-2*A43*B43) -> 0.93371774 | C44: ='Метод 1 (h = 0,001)'!B402 -> 0.93260775 | D44: ='Метод 5 (h = 0,01)'!B42 -> 0.93248556 | E44: ='Метод 5 (h = 0,001)'!B402 -> 0.93248556
A45: 0.41 | B45: =B44+0.01*(A44*EXP(-A44^2)-2*A44*B44) -> 0.93094204 | C45: ='Метод 1 (h = 0,001)'!B412 -> 0.92983728 | D45: ='Метод 5 (h = 0,01)'!B43 -> 0.92971571 | E45: ='Метод 5 (h = 0,001)'!B412 -> 0.92971571
A46: 0.42 | B46: =B45+0.01*(A45*EXP(-A45^2)-2*A45*B45) -> 0.92815884 | C46: ='Метод 1 (h = 0,001)'!B422 -> 0.92706145 | D46: ='Метод 5 (h = 0,01)'!B44 -> 0.92694073 | E46: ='Метод 5 (h = 0,001)'!B422 -> 0.92694073
A47: 0.43 | B47: =B46+0.01*(A46*EXP(-A46^2)-2*A46*B46) -> 0.92537255 | C47: ='Метод 1 (h = 0,001)'!B432 -> 0.9242847 | D47: ='Метод 5 (h = 0,01)'!B45 -> 0.92416508 | E47: ='Метод 5 (h = 0,001)'!B432 -> 0.92416508
A48: 0.44 | B48: =B47+0.01*(A47*EXP(-A47^2)-2*A47*B47) -> 0.92258767 | C48: ='Метод 1 (h = 0,001)'!B442 -> 0.92151154 | D48: ='Метод 5 (h = 0,01)'!B46 -> 0.92139326 | E48: ='Метод 5 (h = 0,001)'!B442 -> 0.92139326
A49: 0.45 | B49: =B48+0.01*(A48*EXP(-A48^2)-2*A48*B48) -> 0.91980879 | C49: ='Метод 1 (h = 0,001)'!B452 -> 0.91874659 | D49: ='Метод 5 (h = 0,01)'!B47 -> 0.91862988 | E49: ='Метод 5 (h = 0,001)'!B452 -> 0.91862988
A50: 0.46 | B50: =B49+0.01*(A49*EXP(-A49^2)-2*A49*B49) -> 0.91704058 | C50: ='Метод 1 (h = 0,001)'!B462 -> 0.91599452 | D50: ='Метод 5 (h = 0,01)'!B48 -> 0.91587964 | E50: ='Метод 5 (h = 0,001)'!B462 -> 0.91587964
A51: 0.47 | B51: =B50+0.01*(A50*EXP(-A50^2)-2*A50*B50) -> 0.91428781 | C51: ='Метод 1 (h = 0,001)'!B472 -> 0.91326013 | D51: ='Метод 5 (h = 0,01)'!B49 -> 0.91314732 | E51: ='Метод 5 (h = 0,001)'!B472 -> 0.91314732
A52: 0.48 | B52: =B51+0.01*(A51*EXP(-A51^2)-2*A51*B51) -> 0.91155534 | C52: ='Метод 1 (h = 0,001)'!B482 -> 0.91054827 | D52: ='Метод 5 (h = 0,01)'!B50 -> 0.91043778 | E52: ='Метод 5 (h = 0,001)'!B482 -> 0.91043778
A53: 0.49 | B53: =B52+0.01*(A52*EXP(-A52^2)-2*A52*B52) -> 0.90884811 | C53: ='Метод 1 (h = 0,001)'!B492 -> 0.90786389 | D53: ='Метод 5 (h = 0,01)'!B51 -> 0.90775597 | E53: ='Метод 5 (h = 0,001)'!B492 -> 0.90775597
A54: 0.5 | B54: =B53+0.01*(A53*EXP(-A53^2)-2*A53*B53) -> 0.90617114 | C54: ='Метод 1 (h = 0,001)'!B502 -> 0.90521205 | D54: ='Метод 5 (h = 0,01)'!B52 -> 0.90510694 | E54: ='Метод 5 (h = 0,001)'!B502 -> 0.90510694
A55: 0.51 | B55: =B54+0.01*(A54*EXP(-A54^2)-2*A54*B54) -> 0.90352955 | C55: ='Метод 1 (h = 0,001)'!B512 -> 0.90259785 | D55: ='Метод 5 (h = 0,01)'!B53 -> 0.90249581 | E55: ='Метод 5 (h = 0,001)'!B512 -> 0.90249581
A56: 0.52 | B56: =B55+0.01*(A55*EXP(-A55^2)-2*A55*B55) -> 0.90092856 | C56: ='Метод 1 (h = 0,001)'!B522 -> 0.90002651 | D56: ='Метод 5 (h = 0,01)'!B54 -> 0.89992779 | E56: ='Метод 5 (h = 0,001)'!B522 -> 0.89992779
A57: 0.53 | B57: =B56+0.01*(A56*EXP(-A56^2)-2*A56*B56) -> 0.89837344 | C57: ='Метод 1 (h = 0,001)'!B532 -> 0.89750332 | D57: ='Метод 5 (h = 0,01)'!B55 -> 0.89740817 | E57: ='Метод 5 (h = 0,001)'!B532 -> 0.89740817
A58: 0.54 | B58: =B57+0.01*(A57*EXP(-A57^2)-2*A57*B57) -> 0.89586958 | C58: ='Метод 1 (h = 0,001)'!B542 -> 0.89503368 | D58: ='Метод 5 (h = 0,01)'!B56 -> 0.89494235 | E58: ='Метод 5 (h = 0,001)'!B542 -> 0.89494235
A59: 0.55 | B59: =B58+0.01*(A58*EXP(-A58^2)-2*A58*B58) -> 0.89342246 | C59: ='Метод 1 (h = 0,001)'!B552 -> 0.89262305 | D59: ='Метод 5 (h = 0,01)'!B57 -> 0.89253579 | E59: ='Метод 5 (h = 0,001)'!B552 -> 0.89253579
A60: 0.56 | B60: =B59+0.01*(A59*EXP(-A59^2)-2*A59*B59) -> 0.89103762 | C60: ='Метод 1 (h = 0,001)'!B562 -> 0.89027698 | D60: ='Метод 5 (h = 0,01)'!B58 -> 0.89019404 | E60: ='Метод 5 (h = 0,001)'!B562 -> 0.89019404
A61: 0.57 | B61: =B60+0.01*(A60*EXP(-A60^2)-2*A60*B60) -> 0.88872071 | C61: ='Метод 1 (h = 0,001)'!B572 -> 0.88800113 | D61: ='Метод 5 (h = 0,01)'!B59 -> 0.88792277 | E61: ='Метод 5 (h = 0,001)'!B572 -> 0.88792277
A62: 0.58 | B62: =B61+0.01*(A61*EXP(-A61^2)-2*A61*B61) -> 0.88647748 | C62: ='Метод 1 (h = 0,001)'!B582 -> 0.88580124 | D62: ='Метод 5 (h = 0,01)'!B60 -> 0.8857277 | E62: ='Метод 5 (h = 0,001)'!B582 -> 0.8857277
A63: 0.59 | B63: =B62+0.01*(A62*EXP(-A62^2)-2*A62*B62) -> 0.88431376 | C63: ='Метод 1 (h = 0,001)'!B592 -> 0.88368313 | D63: ='Метод 5 (h = 0,01)'!B61 -> 0.88361467 | E63: ='Метод 5 (h = 0,001)'!B592 -> 0.88361467
A64: 0.6 | B64: =B63+0.01*(A63*EXP(-A63^2)-2*A63*B63) -> 0.88223546 | C64: ='Метод 1 (h = 0,001)'!B602 -> 0.88165273 | D64: ='Метод 5 (h = 0,01)'!B62 -> 0.8815896 | E64: ='Метод 5 (h = 0,001)'!B602 -> 0.8815896
A65: 0.61 | B65: =B64+0.01*(A64*EXP(-A64^2)-2*A64*B64) -> 0.88024861 | C65: ='Метод 1 (h = 0,001)'!B612 -> 0.87971605 | D65: ='Метод 5 (h = 0,01)'!B63 -> 0.8796585 | E65: ='Метод 5 (h = 0,001)'!B612 -> 0.8796585
A66: 0.62 | B66: =B65+0.01*(A65*EXP(-A65^2)-2*A65*B65) -> 0.87835932 | C66: ='Метод 1 (h = 0,001)'!B622 -> 0.8778792 | D66: ='Метод 5 (h = 0,01)'!B64 -> 0.87782748 | E66: ='Метод 5 (h = 0,001)'!B622 -> 0.87782748
A67: 0.63 | B67: =B66+0.01*(A66*EXP(-A66^2)-2*A66*B66) -> 0.87657381 | C67: ='Метод 1 (h = 0,001)'!B632 -> 0.87614839 | D67: ='Метод 5 (h = 0,01)'!B65 -> 0.87610275 | E67: ='Метод 5 (h = 0,001)'!B632 -> 0.87610275
A68: 0.64 | B68: =B67+0.01*(A67*EXP(-A67^2)-2*A67*B67) -> 0.87489839 | C68: ='Метод 1 (h = 0,001)'!B642 -> 0.87452994 | D68: ='Метод 5 (h = 0,01)'!B66 -> 0.87449062 | E68: ='Метод 5 (h = 0,001)'!B642 -> 0.87449062
A69: 0.65 | B69: =B68+0.01*(A68*EXP(-A68^2)-2*A68*B68) -> 0.87333947 | C69: ='Метод 1 (h = 0,001)'!B652 -> 0.87303024 | D69: ='Метод 5 (h = 0,01)'!B67 -> 0.8729975 | E69: ='Метод 5 (h = 0,001)'!B652 -> 0.8729975
A70: 0.66 | B70: =B69+0.01*(A69*EXP(-A69^2)-2*A69*B69) -> 0.87190357 | C70: ='Метод 1 (h = 0,001)'!B662 -> 0.87165582 | D70: ='Метод 5 (h = 0,01)'!B68 -> 0.8716299 | E70: ='Метод 5 (h = 0,001)'!B662 -> 0.8716299
A71: 0.67 | B71: =B70+0.01*(A70*EXP(-A70^2)-2*A70*B70) -> 0.87059731 | C71: ='Метод 1 (h = 0,001)'!B672 -> 0.87041329 | D71: ='Метод 5 (h = 0,01)'!B69 -> 0.87039444 | E71: ='Метод 5 (h = 0,001)'!B672 -> 0.87039444
A72: 0.68 | B72: =B71+0.01*(A71*EXP(-A71^2)-2*A71*B71) -> 0.86942745 | C72: ='Метод 1 (h = 0,001)'!B682 -> 0.8693094 | D72: ='Метод 5 (h = 0,01)'!B70 -> 0.86929787 | E72: ='Метод 5 (h = 0,001)'!B682 -> 0.86929787
A73: 0.69 | B73: =B72+0.01*(A72*EXP(-A72^2)-2*A72*B72) -> 0.86840082 | C73: ='Метод 1 (h = 0,001)'!B692 -> 0.86835098 | D73: ='Метод 5 (h = 0,01)'!B71 -> 0.86834702 | E73: ='Метод 5 (h = 0,001)'!B692 -> 0.86834702
A74: 0.7 | B74: =B73+0.01*(A73*EXP(-A73^2)-2*A73*B73) -> 0.8675244 | C74: ='Метод 1 (h = 0,001)'!B702 -> 0.867545 | D74: ='Метод 5 (h = 0,01)'!B72 -> 0.86754885 | E74: ='Метод 5 (h = 0,001)'!B702 -> 0.86754885
A75: 0.71 | B75: =B74+0.01*(A74*EXP(-A74^2)-2*A74*B74) -> 0.86680527 | C75: ='Метод 1 (h = 0,001)'!B712 -> 0.86689855 | D75: ='Метод 5 (h = 0,01)'!B73 -> 0.86691046 | E75: ='Метод 5 (h = 0,001)'!B712 -> 0.86691046
A76: 0.72 | B76: =B75+0.01*(A75*EXP(-A75^2)-2*A75*B75) -> 0.86625065 | C76: ='Метод 1 (h = 0,001)'!B722 -> 0.86641884 | D76: ='Метод 5 (h = 0,01)'!B74 -> 0.86643905 | E76: ='Метод 5 (h = 0,001)'!B722 -> 0.86643905
A77: 0.73 | B77: =B76+0.01*(A76*EXP(-A76^2)-2*A76*B76) -> 0.86586788 | C77: ='Метод 1 (h = 0,001)'!B732 -> 0.8661132 | D77: ='Метод 5 (h = 0,01)'!B75 -> 0.86614196 | E77: ='Метод 5 (h = 0,001)'!B732 -> 0.86614196
A78: 0.74 | B78: =B77+0.01*(A77*EXP(-A77^2)-2*A77*B77) -> 0.86566443 | C78: ='Метод 1 (h = 0,001)'!B742 -> 0.86598912 | D78: ='Метод 5 (h = 0,01)'!B76 -> 0.86602666 | E78: ='Метод 5 (h = 0,001)'!B742 -> 0.86602666
A79: 0.75 | B79: =B78+0.01*(A78*EXP(-A78^2)-2*A78*B78) -> 0.86564793 | C79: ='Метод 1 (h = 0,001)'!B752 -> 0.8660542 | D79: ='Метод 5 (h = 0,01)'!B77 -> 0.86610078 | E79: ='Метод 5 (h = 0,001)'!B752 -> 0.86610078
A80: 0.76 | B80: =B79+0.01*(A79*EXP(-A79^2)-2*A79*B79) -> 0.86582612 | C80: ='Метод 1 (h = 0,001)'!B762 -> 0.86631621 | D80: ='Метод 5 (h = 0,01)'!B78 -> 0.86637207 | E80: ='Метод 5 (h = 0,001)'!B762 -> 0.86637207
A81: 0.77 | B81: =B80+0.01*(A80*EXP(-A80^2)-2*A80*B80) -> 0.86620691 | C81: ='Метод 1 (h = 0,001)'!B772 -> 0.86678305 | D81: ='Метод 5 (h = 0,01)'!B79 -> 0.86684844 | E81: ='Метод 5 (h = 0,001)'!B772 -> 0.86684844
A82: 0.78 | B82: =B81+0.01*(A81*EXP(-A81^2)-2*A81*B81) -> 0.86679838 | C82: ='Метод 1 (h = 0,001)'!B782 -> 0.86746279 | D82: ='Метод 5 (h = 0,01)'!B80 -> 0.86753796 | E82: ='Метод 5 (h = 0,001)'!B782 -> 0.86753796
A83: 0.79 | B83: =B82+0.01*(A82*EXP(-A82^2)-2*A82*B82) -> 0.86760874 | C83: ='Метод 1 (h = 0,001)'!B792 -> 0.86836367 | D83: ='Метод 5 (h = 0,01)'!B81 -> 0.86844886 | E83: ='Метод 5 (h = 0,001)'!B792 -> 0.86844886
A84: 0.8 | B84: =B83+0.01*(A83*EXP(-A83^2)-2*A83*B83) -> 0.86864639 | C84: ='Метод 1 (h = 0,001)'!B802 -> 0.86949408 | D84: ='Метод 5 (h = 0,01)'!B82 -> 0.86958954 | E84: ='Метод 5 (h = 0,001)'!B802 -> 0.86958954
A85: 0.81 | B85: =B84+0.01*(A84*EXP(-A84^2)-2*A84*B84) -> 0.86991989 | C85: ='Метод 1 (h = 0,001)'!B812 -> 0.87086261 | D85: ='Метод 5 (h = 0,01)'!B83 -> 0.87096858 | E85: ='Метод 5 (h = 0,001)'!B812 -> 0.87096858
A86: 0.82 | B86: =B85+0.01*(A85*EXP(-A85^2)-2*A85*B85) -> 0.87143801 | C86: ='Метод 1 (h = 0,001)'!B822 -> 0.872478 | D86: ='Метод 5 (h = 0,01)'!B84 -> 0.87259474 | E86: ='Метод 5 (h = 0,001)'!B822 -> 0.87259474
A87: 0.83 | B87: =B86+0.01*(A86*EXP(-A86^2)-2*A86*B86) -> 0.87320968 | C87: ='Метод 1 (h = 0,001)'!B832 -> 0.87434924 | D87: ='Метод 5 (h = 0,01)'!B85 -> 0.87447699 | E87: ='Метод 5 (h = 0,001)'!B832 -> 0.87447699
A88: 0.84 | B88: =B87+0.01*(A87*EXP(-A87^2)-2*A87*B87) -> 0.87524404 | C88: ='Метод 1 (h = 0,001)'!B842 -> 0.87648546 | D88: ='Метод 5 (h = 0,01)'!B86 -> 0.87662449 | E88: ='Метод 5 (h = 0,001)'!B842 -> 0.87662449
A89: 0.85 | B89: =B88+0.01*(A88*EXP(-A88^2)-2*A88*B88) -> 0.87755046 | C89: ='Метод 1 (h = 0,001)'!B852 -> 0.87889605 | D89: ='Метод 5 (h = 0,01)'!B87 -> 0.8790466 | E89: ='Метод 5 (h = 0,001)'!B852 -> 0.8790466
A90: 0.86 | B90: =B89+0.01*(A89*EXP(-A89^2)-2*A89*B89) -> 0.88013849 | C90: ='Метод 1 (h = 0,001)'!B862 -> 0.88159059 | D90: ='Метод 5 (h = 0,01)'!B88 -> 0.88175293 | E90: ='Метод 5 (h = 0,001)'!B862 -> 0.88175293
A91: 0.87 | B91: =B90+0.01*(A90*EXP(-A90^2)-2*A90*B90) -> 0.88301795 | C91: ='Метод 1 (h = 0,001)'!B872 -> 0.88457891 | D91: ='Метод 5 (h = 0,01)'!B89 -> 0.88475329 | E91: ='Метод 5 (h = 0,001)'!B872 -> 0.88475329
A92: 0.88 | B92: =B91+0.01*(A91*EXP(-A91^2)-2*A91*B91) -> 0.88619886 | C92: ='Метод 1 (h = 0,001)'!B882 -> 0.88787107 | D92: ='Метод 5 (h = 0,01)'!B90 -> 0.88805776 | E92: ='Метод 5 (h = 0,001)'!B882 -> 0.88805776
A93: 0.89 | B93: =B92+0.01*(A92*EXP(-A92^2)-2*A92*B92) -> 0.88969151 | C93: ='Метод 1 (h = 0,001)'!B892 -> 0.89147739 | D93: ='Метод 5 (h = 0,01)'!B91 -> 0.89167665 | E93: ='Метод 5 (h = 0,001)'!B892 -> 0.89167665
A94: 0.9 | B94: =B93+0.01*(A93*EXP(-A93^2)-2*A93*B93) -> 0.89350646 | C94: ='Метод 1 (h = 0,001)'!B902 -> 0.89540845 | D94: ='Метод 5 (h = 0,01)'!B92 -> 0.89562055 | E94: ='Метод 5 (h = 0,001)'!B902 -> 0.89562055
A95: 0.91 | B95: =B94+0.01*(A94*EXP(-A94^2)-2*A94*B94) -> 0.89765451 | C95: ='Метод 1 (h = 0,001)'!B912 -> 0.8996751 | D95: ='Метод 5 (h = 0,01)'!B93 -> 0.89990032 | E95: ='Метод 5 (h = 0,001)'!B912 -> 0.89990032
A96: 0.92 | B96: =B95+0.01*(A95*EXP(-A95^2)-2*A95*B95) -> 0.90214679 | C96: ='Метод 1 (h = 0,001)'!B922 -> 0.9042885 | D96: ='Метод 5 (h = 0,01)'!B94 -> 0.90452712 | E96: ='Метод 5 (h = 0,001)'!B922 -> 0.90452712
A97: 0.93 | B97: =B96+0.01*(A96*EXP(-A96^2)-2*A96*B96) -> 0.90699469 | C97: ='Метод 1 (h = 0,001)'!B932 -> 0.9092601 | D97: ='Метод 5 (h = 0,01)'!B95 -> 0.9095124 | E97: ='Метод 5 (h = 0,001)'!B932 -> 0.90951239
A98: 0.94 | B98: =B97+0.01*(A97*EXP(-A97^2)-2*A97*B97) -> 0.91220993 | C98: ='Метод 1 (h = 0,001)'!B942 -> 0.91460167 | D98: ='Метод 5 (h = 0,01)'!B96 -> 0.91486793 | E98: ='Метод 5 (h = 0,001)'!B942 -> 0.91486793
A99: 0.95 | B99: =B98+0.01*(A98*EXP(-A98^2)-2*A98*B98) -> 0.91780458 | C99: ='Метод 1 (h = 0,001)'!B952 -> 0.9203253 | D99: ='Метод 5 (h = 0,01)'!B97 -> 0.92060583 | E99: ='Метод 5 (h = 0,001)'!B952 -> 0.92060583
A100: 0.96 | B100: =B99+0.01*(A99*EXP(-A99^2)-2*A99*B99) -> 0.92379101 | C100: ='Метод 1 (h = 0,001)'!B962 -> 0.92644346 | D100: ='Метод 5 (h = 0,01)'!B98 -> 0.92673856 | E100: ='Метод 5 (h = 0,001)'!B962 -> 0.92673856
...

Sheet Метод 1 (h = 0,001)
A1: x | B1: y | C1: f(x,y)
A2: 0 | B2: 1 | C2: =A2*EXP(-A2^2)-2*A2*B2 -> 0
A3: =A2+0.001 -> 0.001 | B3: =B2+0.001*C2 -> 1 | C3: =A3*EXP(-A3^2)-2*A3*B3 -> -0.000999999
A4: =A3+0.001 -> 0.002 | B4: =B3+0.001*C3 -> 0.999999 | C4: =A4*EXP(-A4^2)-2*A4*B4 -> -0.001999988
A5: =A4+0.001 -> 0.003 | B5: =B4+0.001*C4 -> 0.999997 | C5: =A5*EXP(-A5^2)-2*A5*B5 -> -0.002999955
A6: =A5+0.001 -> 0.004 | B6: =B5+0.001*C5 -> 0.999994 | C6: =A6*EXP(-A6^2)-2*A6*B6 -> -0.003999888
A7: =A6+0.001 -> 0.005 | B7: =B6+0.001*C6 -> 0.99999 | C7: =A7*EXP(-A7^2)-2*A7*B7 -> -0.004999775
A8: =A7+0.001 -> 0.006 | B8: =B7+0.001*C7 -> 0.999985 | C8: =A8*EXP(-A8^2)-2*A8*B8 -> -0.005999604
A9: =A8+0.001 -> 0.007 | B9: =B8+0.001*C8 -> 0.999979 | C9: =A9*EXP(-A9^2)-2*A9*B9 -> -0.006999363
A10: =A9+0.001 -> 0.008 | B10: =B9+0.001*C9 -> 0.999972 | C10: =A10*EXP(-A10^2)-2*A10*B10 -> -0.00799904
A11: =A10+0.001 -> 0.009 | B11: =B10+0.001*C10 -> 0.999964 | C11: =A11*EXP(-A11^2)-2*A11*B11 -> -0.008998623
A12: =A11+0.001 -> 0.01 | B12: =B11+0.001*C11 -> 0.999955 | C12: =A12*EXP(-A12^2)-2*A12*B12 -> -0.0099981
A13: =A12+0.001 -> 0.011 | B13: =B12+0.001*C12 -> 0.99994501 | C13: =A13*EXP(-A13^2)-2*A13*B13 -> -0.010997459
A14: =A13+0.001 -> 0.012 | B14: =B13+0.001*C13 -> 0.99993401 | C14: =A14*EXP(-A14^2)-2*A14*B14 -> -0.011996688
... A1002: =A1001+0.001 -> 1 | B1002: =B1001+0.001*C1001 -> 0.9551235 | C1002: =A1002*EXP(-A1002^2)-2*A1002*B1002 -> 0.80803483

Sheet Метод 5 (h = 0,01)
A1: x | B1: y | C1: k1 | D1: k2 | E1: k3 | F1: k4 | G1: y_new
A2: 0 | B2: 1 | C2: =0.01*(A2*EXP(-A2^2)-2*A2*B2) -> 0 | D2: =0.01*((A2+0.005)*EXP(-(A2+0.005)^2)-2*(A2+0.005)*(B2+C2/2)) -> -4.999875e-05 | E2: =0.01*((A2+0.005)*EXP(-(A2+0.005)^2)-2*(A2+0.005)*(B2+D2/2)) -> -4.999625e-05 | F2: =0.01*((A2+0.01)*EXP(-(A2+0.01)^2)-2*(A2+0.01)*(B2+E2)) -> -9.998e-05 | G2: =B2+(C2+2*D2+2*E2+F2)/6 -> 0.99995
A3: =A2+0.01 -> 0.01 | B3: =G2 -> 0.99995 | C3: =0.01*(A3*EXP(-A3^2)-2*A3*B3) -> -9.998e-05 | D3: =0.01*((A3+0.005)*EXP(-(A3+0.005)^2)-2*(A3+0.005)*(B3+C3/2)) -> -0.00014993625 | E3: =0.01*((A3+0.005)*EXP(-(A3+0.005)^2)-2*(A3+0.005)*(B3+D3/2)) -> -0.00014992876 | F3: =0.01*((A3+0.01)*EXP(-(A3+0.01)^2)-2*(A3+0.01)*(B3+E3)) -> -0.00019984001 | G3: =B3+(C3+2*D3+2*E3+F3)/6 -> 0.99980008
A4: =A3+0.01 -> 0.02 | B4: =G3 -> 0.99980008 | C4: =0.01*(A4*EXP(-A4^2)-2*A4*B4) -> -0.00019984002 | D4: =0.01*((A4+0.005)*EXP(-(A4+0.005)^2)-2*(A4+0.005)*(B4+C4/2)) -> -0.00024969378 | E4: =0.01*((A4+0.005)*EXP(-(A4+0.005)^2)-2*(A4+0.005)*(B4+D4/2)) -> -0.00024968132 | F4: =0.01*((A4+0.01)*EXP(-(A4+0.01)^2)-2*(A4+0.01)*(B4+E4)) -> -0.00029946012 | G4: =B4+(C4+2*D4+2*E4+F4)/6 -> 0.9995504
A5: =A4+0.01 -> 0.03 | B5: =G4 -> 0.9995504 | C5: =0.01*(A5*EXP(-A5^2)-2*A5*B5) -> -0.00029946012 | D5: =0.01*((A5+0.005)*EXP(-(A5+0.005)^2)-2*(A5+0.005)*(B5+C5/2)) -> -0.00034915146 | E5: =0.01*((A5+0.005)*EXP(-(A5+0.005)^2)-2*(A5+0.005)*(B5+D5/2)) -> -0.00034913407 | F5: =0.01*((A5+0.01)*EXP(-(A5+0.01)^2)-2*(A5+0.01)*(B5+E5)) -> -0.0003987205 | G5: =B5+(C5+2*D5+2*E5+F5)/6 -> 0.99920128
A6: =A5+0.01 -> 0.04 | B6: =G5 -> 0.99920128 | C6: =0.01*(A6*EXP(-A6^2)-2*A6*B6) -> -0.00039872051 | D6: =0.01*((A6+0.005)*EXP(-(A6+0.005)^2)-2*(A6+0.005)*(B6+C6/2)) -> -0.00044818955 | E6: =0.01*((A6+0.005)*EXP(-(A6+0.005)^2)-2*(A6+0.005)*(B6+D6/2)) -> -0.00044816729 | F6: =0.01*((A6+0.01)*EXP(-(A6+0.01)^2)-2*(A6+0.01)*(B6+E6)) -> -0.00049750155 | G6: =B6+(C6+2*D6+2*E6+F6)/6 -> 0.99875312
A7: =A6+0.01 -> 0.05 | B7: =G6 -> 0.99875312 | C7: =0.01*(A7*EXP(-A7^2)-2*A7*B7) -> -0.00049750156 | D7: =0.01*((A7+0.005)*EXP(-(A7+0.005)^2)-2*(A7+0.005)*(B7+C7/2)) -> -0.00054668854 | E7: =0.01*((A7+0.005)*EXP(-(A7+0.005)^2)-2*(A7+0.005)*(B7+D7/2)) -> -0.00054666149 | F7: =0.01*((A7+0.01)*EXP(-(A7+0.01)^2)-2*(A7+0.01)*(B7+E7)) -> -0.00059568386 | G7: =B7+(C7+2*D7+2*E7+F7)/6 -> 0.99820648
A8: =A7+0.01 -> 0.06 | B8: =G7 -> 0.99820648 | C8: =0.01*(A8*EXP(-A8^2)-2*A8*B8) -> -0.00059568388 | D8: =0.01*((A8+0.005)*EXP(-(A8+0.005)^2)-2*(A8+0.005)*(B8+C8/2)) -> -0.00064452916 | E8: =0.01*((A8+0.005)*EXP(-(A8+0.005)^2)-2*(A8+0.005)*(B8+D8/2)) -> -0.00064449742 | F8: =0.01*((A8+0.01)*EXP(-(A8+0.01)^2)-2*(A8+0.01)*(B8+E8)) -> -0.00069314835 | G8: =B8+(C8+2*D8+2*E8+F8)/6 -> 0.997562
A9: =A8+0.01 -> 0.07 | B9: =G8 -> 0.997562 | C9: =0.01*(A9*EXP(-A9^2)-2*A9*B9) -> -0.00069314838 | D9: =0.01*((A9+0.005)*EXP(-(A9+0.005)^2)-2*(A9+0.005)*(B9+C9/2)) -> -0.00074159249 | E9: =0.01*((A9+0.005)*EXP(-(A9+0.005)^2)-2*(A9+0.005)*(B9+D9/2)) -> -0.00074155616 | F9: =0.01*((A9+0.01)*EXP(-(A9+0.01)^2)-2*(A9+0.01)*(B9+E9)) -> -0.00078977628 | G9: =B9+(C9+2*D9+2*E9+F9)/6 -> 0.99682046
A10: =A9+0.01 -> 0.08 | B10: =G9 -> 0.99682046 | C10: =0.01*(A10*EXP(-A10^2)-2*A10*B10) -> -0.00078977631 | D10: =0.01*((A10+0.005)*EXP(-(A10+0.005)^2)-2*(A10+0.005)*(B10+C10/2)) -> -0.00083775998 | E10: =0.01*((A10+0.005)*EXP(-(A10+0.005)^2)-2*(A10+0.005)*(B10+D10/2)) -> -0.00083771919 | F10: =0.01*((A10+0.01)*EXP(-(A10+0.01)^2)-2*(A10+0.01)*(B10+E10)) -> -0.00088544933 | G10: =B10+(C10+2*D10+2*E10+F10)/6 -> 0.99598276
A11: =A10+0.01 -> 0.09 | B11: =G10 -> 0.99598276 | C11: =0.01*(A11*EXP(-A11^2)-2*A11*B11) -> -0.00088544937 | D11: =0.01*((A11+0.005)*EXP(-(A11+0.005)^2)-2*(A11+0.005)*(B11+C11/2)) -> -0.00093291351 | E11: =0.01*((A11+0.005)*EXP(-(A11+0.005)^2)-2*(A11+0.005)*(B11+D11/2)) -> -0.00093286842 | F11: =0.01*((A11+0.01)*EXP(-(A11+0.01)^2)-2*(A11+0.01)*(B11+E11)) -> -0.00098004962 | G11: =B11+(C11+2*D11+2*E11+F11)/6 -> 0.99504992
A12: =A11+0.01 -> 0.1 | B12: =G11 -> 0.99504992 | C12: =0.01*(A12*EXP(-A12^2)-2*A12*B12) -> -0.00098004967 | D12: =0.01*((A12+0.005)*EXP(-(A12+0.005)^2)-2*(A12+0.005)*(B12+C12/2)) -> -0.0010269355 | E12: =0.01*((A12+0.005)*EXP(-(A12+0.005)^2)-2*(A12+0.005)*(B12+D12/2)) -> -0.0010268862 | F12: =0.01*((A12+0.01)*EXP(-(A12+0.01)^2)-2*(A12+0.01)*(B12+E12)) -> -0.0010734598 | G12: =B12+(C12+2*D12+2*E12+F12)/6 -> 0.99402306
A13: =A12+0.01 -> 0.11 | B13: =G12 -> 0.99402306 | C13: =0.01*(A13*EXP(-A13^2)-2*A13*B13) -> -0.0010734599 | D13: =0.01*((A13+0.005)*EXP(-(A13+0.005)^2)-2*(A13+0.005)*(B13+C13/2)) -> -0.0011197088 | E13: =0.01*((A13+0.005)*EXP(-(A13+0.005)^2)-2*(A13+0.005)*(B13+D13/2)) -> -0.0011196556 | F13: =0.01*((A13+0.01)*EXP(-(A13+0.01)^2)-2*(A13+0.01)*(B13+E13)) -> -0.0011655632 | G13: =B13+(C13+2*D13+2*E13+F13)/6 -> 0.99290343
A14: =A13+0.01 -> 0.12 | B14: =G13 -> 0.99290343 | C14: =0.01*(A14*EXP(-A14^2)-2*A14*B14) -> -0.0011655632 | D14: =0.01*((A14+0.005)*EXP(-(A14+0.005)^2)-2*(A14+0.005)*(B14+C14/2)) -> -0.001211117 | E14: =0.01*((A14+0.005)*EXP(-(A14+0.005)^2)-2*(A14+0.005)*(B14+D14/2)) -> -0.0012110601 | F14: =0.01*((A14+0.01)*EXP(-(A14+0.01)^2)-2*(A14+0.01)*(B14+E14)) -> -0.0012562435 | G14: =B14+(C14+2*D14+2*E14+F14)/6 -> 0.99169241
... A102: =A101+0.01 -> 1 | B102: =G101 -> 0.95548004 | C102: =0.01*(A102*EXP(-A102^2)-2*A102*B102) -> 0.0080732175 | D102: =0.01*((A102+0.005)*EXP(-(A102+0.005)^2)-2*(A102+0.005)*(B102+C102/2)) -> 0.0083076954 | E102: =0.01*((A102+0.005)*EXP(-(A102+0.005)^2)-2*(A102+0.005)*(B102+D102/2)) -> 0.0083053389 | F102: =0.01*((A102+0.01)*EXP(-(A102+0.01)^2)-2*(A102+0.01)*(B102+E102)) -> 0.0085436035 | G102: =B102+(C102+2*D102+2*E102+F102)/6 -> 0.96378719

Sheet Метод 5 (h = 0,001)
A1: x | B1: y | C1: k1 | D1: k2 | E1: k3 | F1: k4 | G1: y_new
A2: 0 | B2: 1 | C2: =0.001*(A2*EXP(-A2^2)-2*A2*B2) -> 0 | D2: =0.001*((A2+0.0005)*EXP(-(A2+0.0005)^2)-2*(A2+0.0005)*(B2+C2/2)) -> -4.9999987e-07 | E2: =0.001*((A2+0.0005)*EXP(-(A2+0.0005)^2)-2*(A2+0.0005)*(B2+D2/2)) -> -4.9999963e-07 | F2: =0.001*((A2+0.001)*EXP(-(A2+0.001)^2)-2*(A2+0.001)*(B2+E2)) -> -9.99998e-07 | G2: =B2+(C2+2*D2+2*E2+F2)/6 -> 0.9999995
A3: =A2+0.001 -> 0.001 | B3: =G2 -> 0.9999995 | C3: =0.001*(A3*EXP(-A3^2)-2*A3*B3) -> -9.99998e-07 | D3: =0.001*((A3+0.0005)*EXP(-(A3+0.0005)^2)-2*(A3+0.0005)*(B3+C3/2)) -> -1.4999936e-06 | E3: =0.001*((A3+0.0005)*EXP(-(A3+0.0005)^2)-2*(A3+0.0005)*(B3+D3/2)) -> -1.4999929e-06 | F3: =0.001*((A3+0.001)*EXP(-(A3+0.001)^2)-2*(A3+0.001)*(B3+E3)) -> -1.999984e-06 | G3: =B3+(C3+2*D3+2*E3+F3)/6 -> 0.999998
A4: =A3+0.001 -> 0.002 | B4: =G3 -> 0.999998 | C4: =0.001*(A4*EXP(-A4^2)-2*A4*B4) -> -1.999984e-06 | D4: =0.001*((A4+0.0005)*EXP(-(A4+0.0005)^2)-2*(A4+0.0005)*(B4+C4/2)) -> -2.4999694e-06 | E4: =0.001*((A4+0.0005)*EXP(-(A4+0.0005)^2)-2*(A4+0.0005)*(B4+D4/2)) -> -2.4999681e-06 | F4: =0.001*((A4+0.001)*EXP(-(A4+0.001)^2)-2*(A4+0.001)*(B4+E4)) -> -2.999946e-06 | G4: =B4+(C4+2*D4+2*E4+F4)/6 -> 0.9999955
A5: =A4+0.001 -> 0.003 | B5: =G4 -> 0.9999955 | C5: =0.001*(A5*EXP(-A5^2)-2*A5*B5) -> -2.999946e-06 | D5: =0.001*((A5+0.0005)*EXP(-(A5+0.0005)^2)-2*(A5+0.0005)*(B5+C5/2)) -> -3.4999151e-06 | E5: =0.001*((A5+0.0005)*EXP(-(A5+0.0005)^2)-2*(A5+0.0005)*(B5+D5/2)) -> -3.4999134e-06 | F5: =0.001*((A5+0.001)*EXP(-(A5+0.001)^2)-2*(A5+0.001)*(B5+E5)) -> -3.999872e-06 | G5: =B5+(C5+2*D5+2*E5+F5)/6 -> 0.999992
A6: =A5+0.001 -> 0.004 | B6: =G5 -> 0.999992 | C6: =0.001*(A6*EXP(-A6^2)-2*A6*B6) -> -3.999872e-06 | D6: =0.001*((A6+0.0005)*EXP(-(A6+0.0005)^2)-2*(A6+0.0005)*(B6+C6/2)) -> -4.4998189e-06 | E6: =0.001*((A6+0.0005)*EXP(-(A6+0.0005)^2)-2*(A6+0.0005)*(B6+D6/2)) -> -4.4998166e-06 | F6: =0.001*((A6+0.001)*EXP(-(A6+0.001)^2)-2*(A6+0.001)*(B6+E6)) -> -4.99975e-06 | G6: =B6+(C6+2*D6+2*E6+F6)/6 -> 0.9999875
A7: =A6+0.001 -> 0.005 | B7: =G6 -> 0.9999875 | C7: =0.001*(A7*EXP(-A7^2)-2*A7*B7) -> -4.99975e-06 | D7: =0.001*((A7+0.0005)*EXP(-(A7+0.0005)^2)-2*(A7+0.0005)*(B7+C7/2)) -> -5.4996686e-06 | E7: =0.001*((A7+0.0005)*EXP(-(A7+0.0005)^2)-2*(A7+0.0005)*(B7+D7/2)) -> -5.4996659e-06 | F7: =0.001*((A7+0.001)*EXP(-(A7+0.001)^2)-2*(A7+0.001)*(B7+E7)) -> -5.999568e-06 | G7: =B7+(C7+2*D7+2*E7+F7)/6 -> 0.999982
A8: =A7+0.001 -> 0.006 | B8: =G7 -> 0.999982 | C8: =0.001*(A8*EXP(-A8^2)-2*A8*B8) -> -5.999568e-06 | D8: =0.001*((A8+0.0005)*EXP(-(A8+0.0005)^2)-2*(A8+0.0005)*(B8+C8/2)) -> -6.4994524e-06 | E8: =0.001*((A8+0.0005)*EXP(-(A8+0.0005)^2)-2*(A8+0.0005)*(B8+D8/2)) -> -6.4994491e-06 | F8: =0.001*((A8+0.001)*EXP(-(A8+0.001)^2)-2*(A8+0.001)*(B8+E8)) -> -6.999314e-06 | G8: =B8+(C8+2*D8+2*E8+F8)/6 -> 0.9999755
A9: =A8+0.001 -> 0.007 | B9: =G8 -> 0.9999755 | C9: =0.001*(A9*EXP(-A9^2)-2*A9*B9) -> -6.999314e-06 | D9: =0.001*((A9+0.0005)*EXP(-(A9+0.0005)^2)-2*(A9+0.0005)*(B9+C9/2)) -> -7.4991581e-06 | E9: =0.001*((A9+0.0005)*EXP(-(A9+0.0005)^2)-2*(A9+0.0005)*(B9+D9/2)) -> -7.4991544e-06 | F9: =0.001*((A9+0.001)*EXP(-(A9+0.001)^2)-2*(A9+0.001)*(B9+E9)) -> -7.998976e-06 | G9: =B9+(C9+2*D9+2*E9+F9)/6 -> 0.999968
A10: =A9+0.001 -> 0.008 | B10: =G9 -> 0.999968 | C10: =0.001*(A10*EXP(-A10^2)-2*A10*B10) -> -7.998976e-06 | D10: =0.001*((A10+0.0005)*EXP(-(A10+0.0005)^2)-2*(A10+0.0005)*(B10+C10/2)) -> -8.4987739e-06 | E10: =0.001*((A10+0.0005)*EXP(-(A10+0.0005)^2)-2*(A10+0.0005)*(B10+D10/2)) -> -8.4987696e-06 | F10: =0.001*((A10+0.001)*EXP(-(A10+0.001)^2)-2*(A10+0.001)*(B10+E10)) -> -8.998542e-06 | G10: =B10+(C10+2*D10+2*E10+F10)/6 -> 0.9999595
A11: =A10+0.001 -> 0.009 | B11: =G10 -> 0.9999595 | C11: =0.001*(A11*EXP(-A11^2)-2*A11*B11) -> -8.998542e-06 | D11: =0.001*((A11+0.0005)*EXP(-(A11+0.0005)^2)-2*(A11+0.0005)*(B11+C11/2)) -> -9.4982877e-06 | E11: =0.001*((A11+0.0005)*EXP(-(A11+0.0005)^2)-2*(A11+0.0005)*(B11+D11/2)) -> -9.4982829e-06 | F11: =0.001*((A11+0.001)*EXP(-(A11+0.001)^2)-2*(A11+0.001)*(B11+E11)) -> -9.998e-06 | G11: =B11+(C11+2*D11+2*E11+F11)/6 -> 0.99995
A12: =A11+0.001 -> 0.01 | B12: =G11 -> 0.99995 | C12: =0.001*(A12*EXP(-A12^2)-2*A12*B12) -> -9.998e-06 | D12: =0.001*((A12+0.0005)*EXP(-(A12+0.0005)^2)-2*(A12+0.0005)*(B12+C12/2)) -> -1.0497687e-05 | E12: =0.001*((A12+0.0005)*EXP(-(A12+0.0005)^2)-2*(A12+0.0005)*(B12+D12/2)) -> -1.0497682e-05 | F12: =0.001*((A12+0.001)*EXP(-(A12+0.001)^2)-2*(A12+0.001)*(B12+E12)) -> -1.0997338e-05 | G12: =B12+(C12+2*D12+2*E12+F12)/6 -> 0.99993951
A13: =A12+0.001 -> 0.011 | B13: =G12 -> 0.99993951 | C13: =0.001*(A13*EXP(-A13^2)-2*A13*B13) -> -1.0997338e-05 | D13: =0.001*((A13+0.0005)*EXP(-(A13+0.0005)^2)-2*(A13+0.0005)*(B13+C13/2)) -> -1.1496961e-05 | E13: =0.001*((A13+0.0005)*EXP(-(A13+0.0005)^2)-2*(A13+0.0005)*(B13+D13/2)) -> -1.1496955e-05 | F13: =0.001*((A13+0.001)*EXP(-(A13+0.001)^2)-2*(A13+0.001)*(B13+E13)) -> -1.1996544e-05 | G13: =B13+(C13+2*D13+2*E13+F13)/6 -> 0.99992801
A14: =A13+0.001 -> 0.012 | B14: =G13 -> 0.99992801 | C14: =0.001*(A14*EXP(-A14^2)-2*A14*B14) -> -1.1996544e-05 | D14: =0.001*((A14+0.0005)*EXP(-(A14+0.0005)^2)-2*(A14+0.0005)*(B14+C14/2)) -> -1.2496097e-05 | E14: =0.001*((A14+0.0005)*EXP(-(A14+0.0005)^2)-2*(A14+0.0005)*(B14+D14/2)) -> -1.2496091e-05 | F14: =0.001*((A14+0.001)*EXP(-(A14+0.001)^2)-2*(A14+0.001)*(B14+E14)) -> -1.2995606e-05 | G14: =B14+(C14+2*D14+2*E14+F14)/6 -> 0.99991551
... A1002: =A1001+0.001 -> 1 | B1002: =G1001 -> 0.95548004 | C1002: =0.001*(A1002*EXP(-A1002^2)-2*A1002*B1002) -> 0.00080732175 | D1002: =0.001*((A1002+0.0005)*EXP(-(A1002+0.0005)^2)-2*(A1002+0.0005)*(B1002+C1002/2)) -> 0.00080963937 | E1002: =0.001*((A1002+0.0005)*EXP(-(A1002+0.0005)^2)-2*(A1002+0.0005)*(B1002+D1002/2)) -> 0.00080963705 | F1002: =0.001*((A1002+0.001)*EXP(-(A1002+0.001)^2)-2*(A1002+0.001)*(B1002+E1002)) -> 0.00081195835 | G1002: =B1002+(C1002+2*D1002+2*E1002+F1002)/6 -> 0.95628968
